id;full_name;date_birth;sex;nationality;place_origin;place_residence;date_issue;date_expiry;personal_identification
1;till uh-huh;2024-10-23T11:14:29;yesterday deduction;where;if meh keenly;given;2024-10-23T16:59:26;2024-10-23T13:25:39;likewise shy uh-huh
2;until aboard;2024-10-23T09:37:33;coaxingly ick after;likely yuck;aw unimpressively;insolence anti;2024-10-23T09:29:29;2024-10-23T11:37:44;versus instead
3;reassuringly kiss;2024-10-23T15:04:11;minor cripple;following;soulful;during starboard ha;2024-10-23T20:53:47;2024-10-24T03:31:33;harmful ecliptic
4;owlishly;2024-10-23T09:03:13;modulo alliance;short-term;daily;trusty;2024-10-23T10:10:39;2024-10-24T07:00:45;uh-huh
5;eke ha;2024-10-23T10:55:14;yippee;immaculate cop-out unabashedly;rewarding norm;offset though;2024-10-23T16:59:51;2024-10-24T06:18:19;nor far
6;oof;2024-10-23T11:00:46;overcharge quaff;truthfully fairly hole;reprimand;spear;2024-10-24T01:59:39;2024-10-23T09:21:59;wherever eventually absent
7;thump before tragic;2024-10-23T21:26:48;pillow delightfully;zowie microchip;unnaturally;eek;2024-10-24T00:55:44;2024-10-24T07:21:06;ramp atop nauseate
8;grok hope;2024-10-24T00:01:08;splay;lumbering bemuse;gaseous solvency notwithstanding;fond or;2024-10-24T01:10:47;2024-10-23T16:02:26;incomparable
9;forenenst;2024-10-24T07:32:07;reflecting sternly upside-down;duh;once;illusion mmm density;2024-10-23T22:29:31;2024-10-23T08:31:12;flimsy
10;whether;2024-10-23T23:31:21;instead yahoo sonata;ha tromp;parade geez cemetery;lest;2024-10-24T08:06:12;2024-10-23T14:19:27;rule as
